ID,Titulo,Tipo,Año Inicio,Rating,Votos,Generos,Directores,Actores,Minutos
tt1000000,Rocco Ravishes St. Petersburg,video,2007,8.2,44,Adult,Rocco Siffredi,"Ylia, Layma, Karina, Camilla Ken, Gabriella, Lis, Noell, Courtney Sweet, Omar Galanti, Jazz Duro, Rocco Siffredi, Rocco Siffredi, Rocco Siffredi, Angy Tahan, Gabriel Zero, Madmax",145
tt1000001,Rough Crossings,tvMovie,2007,6.2,54,Drama,Steve Condie,"Julien Ball, Stephen Campbell Moore, Niall Macgregor, Joseph Marcell, Alice O'Connell, Simon Schama, Simon Wilson, Leo Wringer, Steve Condie, Simon Schama, Neville Kidd, Ben Stark, Gemma Hancock, Sam Stevenson, Erika Ökvist",84
tt1000003,Say Goodnight Dick!,video,2007,,,Adult,,"Cherokee, Cytherea, Diana Doll, Joelean, Jenaveve Jolie, Shayla LaVeaux, Monica Mayhem, Georgia Southe, Monica Sweetheart",
tt1000004,Seduced by a Cougar 2,video,2007,,,Adult,Brett Brando,"Ava Devine, Maya Divine, Sara Jay, Gianna Lynn, Kristine Madison, Kristal Summers, Brett Brando",
tt1000005,Share My Cock! 5,video,2007,,,Adult,Scott Hancock,"Frankie Bee, Celina Cross, Cassandra Cruz, Isabella Dior, Emily George, Kimberly Kole, Cody Lane, Rita Mariana, Gianna Michaels, Carmel Moore, Scott Hancock",
tt1000006,She Likes It Black! 2,video,2007,,,Adult,Leroy Jonze,"Julius Ceazher, Sledge Hammer, Jon Jon, Jade Leshay, Justin Long, Brianna Love, Charlie Mac, Brian Pumper, Leighlani Red, Riley Shy, Leroy Jonze",
tt1000007,Slutty & Sluttier 2,video,2007,8.2,6,Adult,Manuel Ferrara,"Manuel Ferrara, Steve Holmes, Katja Kassin, Rebeca Linares, Presley Maddox, Jake Malone, Gia Paloma, David Perry, Paola Rey, Ian Scott, Manuel Ferrara",
tt1000008,Smokin' Hot 2,video,2007,,,Adult,,"Eva Angelina, Benjamin Brat, McKenzee Miles, Holly Morgan, Mr. Pete, Lorena Sanchez, Sascha, Bobbi Starr, John Strong, Tia Tanaka",
tt1000009,Sperm Swap,video,2007,,,Adult,Raul Cristian,"James Brossman, Sandy Buns, Katy Caro, Jane Darling, Suzie Diamond, Cory Everson, Lauro Giotto, Diana Gold, Frank Gun, Sandra Kay, Raul Cristian",
tt1000010,Strap Attack 6,video,2007,6.2,19,Adult,Joey Silvera,"Christian XXX, Vin Deacon, Jada Fire, Sasha Grey, Jagger, Gianna Michaels, Aiden Starr, Tia Tanaka, Taryn Thomas, Kylie Wylde, Joey Silvera",
tt1000011,Swallow This 7,video,2007,,,Adult,,"Alexa Cruz, Kendra Devons, Kylee King, Cody Lane, Zoe Matthews, McKenzee Miles, Peter North, Samantha Rose, Britney Stevens, Nadia Styles",
tt1000012,Tag Team Tryouts,video,2007,,,Adult,,"Jordan Ash, Chris, Persia DeCarlo, Cock Diesel, Gotti, Jenaveve Jolie, Nyla Knox, Neesa, Cherrie Rose, Alexia Sky",
tt1000013,Teen Anal P.O.V. 3,video,2007,,,Adult,Skeeter Kerkove,"Candi Apple, Cherish, Cali Marie, Hillary Scott, Johnny Thrust, Kelly Wells, Skeeter Kerkove",
tt1000014,Teen Machine 2,video,2007,,,Adult,Mark Ashley,"Alexis Love, Lorena Sanchez, Micah Moore, McKenzee Miles, Naomi Cruz, Aubrey Addams, Mark Ashley, Marco Banderas, Evelyn Lin, Anthony Rosano, Mark Ashley, Bruce Carter",
tt1000015,Throated 9,video,2007,,,Adult,Scott Hancock,"Regan Anthony, Stephanie Hall, Marli Jane, McKenzee Miles, Millie, Cherry Poppens, Mia Rose, Riley Shy, Aiden Starr, Britney Stevens, Scott Hancock",
tt1000016,Tinker with My Stinker,video,2007,5.6,6,Adult,Mark Wood,"Cristina Agave, Jamie Elle, Lexi Love, Bree Olson, Brian Surewood, Tia Sweets, Talon, Mark Wood, Mark Wood",
tt1000017,Torture Room,movie,2007,4,192,Thriller,Eric Forsberg,"Ahmed Lucan, John Forgeham, Kenneth Robbins, Michael Woolston, Dano Rice, Lena Bookall, Wali Razaqi, Chad Nell, Barry Ratcliffe, Steve Black, Eric Forsberg, Eric Forsberg, Karen Forsberg, Robert Bayless, Nick Rossier, Mary Ann Skweres",83
tt1000018,Twatinas,video,2007,,,Adult,,"Jordan Ash, Kayla Carrera, Tony De Sergio, Kira Kroft, Micah May, Sequoia Redd, Cherrie Rose",
tt1000019,Ultra Violett,video,2007,,,Adult,Vonn Fink,"Faith Leon, Brooke Banner, Nautica Thorn, Selina Draagen, Katerina Kat, Lielani, Franchezca Valentina, Leah Jaye, Alec Knight, Damek, Vonn Fink, Vonn Fink, Sancho, Vonn Fink, Veritas Vain, Katarina Kat",88
